{
    "schemes": [
        "http"
    ],
    "swagger": "2.0",
    "info": {
        "description": "This is a sample server for a Swagger API.",
        "title": "Example API",
        "termsOfService": "http://example.com/terms/",
        "contact": {
            "name": "API Support",
            "url": "https://academy.lumoshive.com/contact-us",
            "email": "lumoshive.academy@gmail.com"
        },
        "license": {
            "name": "Lumoshive Academy",
            "url": "https://academy.lumoshive.com"
        },
        "version": "1.0"
    },
    "host": "localhost:8080",
    "basePath": "/",
    "paths": {
        "/seacrh_users": {
            "get": {
                "description": "Get a list of users that match the provided name.",
                "tags": [
                    "users"
                ],
                "summary": "Get users by name",
                "parameters": [
                    {
                        "type": "string",
                        "description": "User Name",
                        "name": "name",
                        "in": "query"
                    },
                    {
                        "type": "string",
                        "description": "Bearer token",
                        "name": "Authorization",
                        "in": "header",
                        "required": true
                    }
                ],
                "responses": {}
            }
        },
        "/upload": {
            "post": {
                "description": "Upload a file to the server.",
                "tags": [
                    "files"
                ],
                "summary": "Upload a file",
                "parameters": [
                    {
                        "type": "file",
                        "description": "File to upload",
                        "name": "file",
                        "in": "formData",
                        "required": true
                    }
                ],
                "responses": {
                    "200": {
                        "description": "OK",
                        "schema": {
                            "type": "object",
                            "additionalProperties": {
                                "type": "string"
                            }
                        }
                    },
                    "400": {
                        "description": "Bad Request",
                        "schema": {
                            "type": "object",
                            "additionalProperties": {
                                "type": "string"
                            }
                        }
                    }
                }
            }
        },
        "/users": {
            "get": {
                "description": "Get details of all registered users.",
                "consumes": [
                    "application/json"
                ],
                "produces": [
                    "application/json"
                ],
                "tags": [
                    "users"
                ],
                "summary": "Get user all",
                "responses": {
                    "200": {
                        "description": "All User",
                        "schema": {
                            "$ref": "#/definitions/utils.Response"
                        }
                    },
                    "404": {
                        "description": "User not found",
                        "schema": {
                            "$ref": "#/definitions/utils.Response"
                        }
                    },
                    "500": {
                        "description": "Internal server error",
                        "schema": {
                            "$ref": "#/definitions/utils.Response"
                        }
                    }
                }
            },
            "post": {
                "description": "Add a new user with the provided JSON data.",
                "tags": [
                    "users"
                ],
                "summary": "Add a new user",
                "parameters": [
                    {
                        "description": "User data",
                        "name": "user",
                        "in": "body",
                        "required": true,
                        "schema": {
                            "$ref": "#/definitions/model.User"
                        }
                    },
                    {
                        "type": "string",
                        "description": "Bearer token",
                        "name": "Authorization",
                        "in": "header",
                        "required": true
                    }
                ],
                "responses": {}
            }
        },
        "/users/{id}": {
            "get": {
                "description": "Get details of a user by their ID.",
                "consumes": [
                    "application/json"
                ],
                "produces": [
                    "application/json"
                ],
                "tags": [
                    "users"
                ],
                "summary": "Get user by ID",
                "parameters": [
                    {
                        "type": "integer",
                        "description": "User ID",
                        "name": "id",
                        "in": "path",
                        "required": true
                    },
                    {
                        "type": "string",
                        "description": "Bearer token",
                        "name": "Authorization",
                        "in": "header",
                        "required": true
                    }
                ],
                "responses": {}
            },
            "put": {
                "description": "Update the details of a user by their ID.",
                "tags": [
                    "users"
                ],
                "summary": "Update user by ID",
                "parameters": [
                    {
                        "type": "integer",
                        "description": "User ID",
                        "name": "id",
                        "in": "path",
                        "required": true
                    },
                    {
                        "description": "User object that needs to be updated",
                        "name": "user",
                        "in": "body",
                        "required": true,
                        "schema": {
                            "$ref": "#/definitions/model.User"
                        }
                    }
                ],
                "responses": {}
            },
            "delete": {
                "description": "Delete a user by their ID.",
                "tags": [
                    "users"
                ],
                "summary": "Delete user by ID",
                "parameters": [
                    {
                        "type": "integer",
                        "description": "User ID",
                        "name": "id",
                        "in": "path",
                        "required": true
                    }
                ],
                "responses": {
                    "204": {
                        "description": "No Content"
                    },
                    "404": {
                        "description": "Not Found",
                        "schema": {
                            "type": "object",
                            "additionalProperties": {
                                "type": "string"
                            }
                        }
                    }
                }
            }
        }
    },
    "definitions": {
        "model.User": {
            "type": "object",
            "properties": {
                "email": {
                    "type": "string"
                },
                "id": {
                    "type": "integer"
                },
                "name": {
                    "type": "string"
                },
                "phone": {
                    "type": "string"
                }
            }
        },
        "utils.Response": {
            "type": "object",
            "properties": {
                "data": {
                    "$ref": "#/definitions/model.User"
                },
                "error": {
                    "type": "string"
                },
                "message": {
                    "type": "string"
                },
                "status": {
                    "type": "integer"
                }
            }
        }
    }
}